TableID,TableContents,ColumnID,ColumnValue,Description
00,"TABLE NAMES",TableID,00,"TABLE NAMES"
00,"TABLE NAMES",TableID,01,"CORPORATE STATUS TABLE"
00,"TABLE NAMES",TableID,02,"STATE TABLE"
00,"TABLE NAMES",TableID,03,"INDUSTRY CODE TABLE"
00,"TABLE NAMES",TableID,04,"REGISTERED AGENT STATUS"
00,"TABLE NAMES",TableID,05,"COURT LOCALITY CODE"
00,"TABLE NAMES",TableID,06,"ANNUAL REPORT STATUS"
00,"TABLE NAMES",TableID,07,"ASSESSMENT INDICATOR"
00,"TABLE NAMES",TableID,12,"STOCK CLASS"
00,"TABLE NAMES",TableID,19,"AMENDMENT TYPES"
00,"TABLE NAMES",TableID,23,"L/P AMENDMENT & L/P CERT. OF CORRECTION TYPES"
00,"TABLE NAMES",TableID,28,"L/P REGISTERED AGENT STATUS"
00,"TABLE NAMES",TableID,40,"LLC REGISTERED AGENT STATUS"
01,"CORPORATE STATUS TABLE",Status,00,"ACTIVE"
01,"CORPORATE STATUS TABLE",Status,01,"FEE DELINQUENT"
01,"CORPORATE STATUS TABLE",Status,08,"CANC INVOL"
01,"CORPORATE STATUS TABLE",Status,09,"TERM INVOL"
01,"CORPORATE STATUS TABLE",Status,10,"TERM(AUTO AR/$) CORP-NO REPORT AND/OR FEES"
01,"CORPORATE STATUS TABLE",Status,11,"TERM(AUTO R/A) CORP-FAILURE TO MAINTAIN R/A"
01,"CORPORATE STATUS TABLE",Status,12,"TERM(EXPIRED)  CORP-DATE OF DURATION EXPIRED"
01,"CORPORATE STATUS TABLE",Status,13,"TERM(VOLUNTARY) (CORP)"
01,"CORPORATE STATUS TABLE",Status,14,"DISSOLVING"
01,"CORPORATE STATUS TABLE",Status,15,"CANC(VOLUNTARY)  (LLC/LP/BT)"
01,"CORPORATE STATUS TABLE",Status,16,"INVDISS/COURT"
01,"CORPORATE STATUS TABLE",Status,17,"CANC/DOM         (CORP)"
01,"CORPORATE STATUS TABLE",Status,18,"SURRENDERED      (CORP)"
01,"CORPORATE STATUS TABLE",Status,19,"CANC (AUTO-FEE) LLC/LP/BT-FEES NOT PAID"
01,"CORPORATE STATUS TABLE",Status,20,"MERGED"
01,"CORPORATE STATUS TABLE",Status,22,"CONV NA/FED BANK"
01,"CORPORATE STATUS TABLE",Status,23,"GP EXPIRED AUTO"
01,"CORPORATE STATUS TABLE",Status,24,"CANCBYDIS"
01,"CORPORATE STATUS TABLE",Status,25,"CANC/DOM         (LLC)"
01,"CORPORATE STATUS TABLE",Status,26,"SURRENDERED      (LLC)"
01,"CORPORATE STATUS TABLE",Status,30,"REVKD-AUTO AR/$ CORP-NO REPORT AND/OR FEES"
01,"CORPORATE STATUS TABLE",Status,31,"REVOKED-AUTO RA CORP-FAILURE TO MAINTAIN R/A"
01,"CORPORATE STATUS TABLE",Status,32,"REVOKED (EXP)  CORP-DATE OF DURATION EXPIRED"
01,"CORPORATE STATUS TABLE",Status,40,"WITHDRAWN(VOL)   (CORP)"
01,"CORPORATE STATUS TABLE",Status,42,"WTHDRWN-MERGER"
01,"CORPORATE STATUS TABLE",Status,43,"WTHDRWN-CNVRSION"
01,"CORPORATE STATUS TABLE",Status,44,"CANCELED-CNVRSION"
01,"CORPORATE STATUS TABLE",Status,45,"CONVERTED ADM"
01,"CORPORATE STATUS TABLE",Status,46,"CONVERTED"
01,"CORPORATE STATUS TABLE",Status,50,"LLP STATUS ONLY"
01,"CORPORATE STATUS TABLE",Status,51,"LLP STATUS CANCELLED"
01,"CORPORATE STATUS TABLE",Status,67,"REPEALED"
01,"CORPORATE STATUS TABLE",Status,76,"CANC(AUTO R/A) LLC/LP/BT-FAILED MAINTAIN R/A"
01,"CORPORATE STATUS TABLE",Status,98,"CONV FOREIGN/DOMESTIC"
01,"CORPORATE STATUS TABLE",Status,99,"VOID"
02,"STATE TABLE",State,--,"TEMPORARY STATE FOR UCC CONVERSION"
02,"STATE TABLE",State,AK,"ALASKA"
02,"STATE TABLE",State,AL,"ALABAMA"
02,"STATE TABLE",State,AR,"ARKANSAS"
02,"STATE TABLE",State,AS,"AMERICAN SAMOA"
02,"STATE TABLE",State,AZ,"ARIZONA"
02,"STATE TABLE",State,CA,"CALIFORNIA"
02,"STATE TABLE",State,CO,"COLORADO"
02,"STATE TABLE",State,CT,"CONNECTICUT"
02,"STATE TABLE",State,CZ,"CANAL ZONE"
02,"STATE TABLE",State,DC,"WASHINGTON, D.C."
02,"STATE TABLE",State,DE,"DELAWARE"
02,"STATE TABLE",State,FL,"FLORIDA"
02,"STATE TABLE",State,FN,"FOREIGN"
02,"STATE TABLE",State,GA,"GEORGIA"
02,"STATE TABLE",State,GU,"GUAM"
02,"STATE TABLE",State,HI,"HAWAII"
02,"STATE TABLE",State,IA,"IOWA"
02,"STATE TABLE",State,ID,"IDAHO"
02,"STATE TABLE",State,IL,"ILLINOIS"
02,"STATE TABLE",State,IN,"INDIANA"
02,"STATE TABLE",State,KS,"KANSAS"
02,"STATE TABLE",State,KY,"KENTUCKY"
02,"STATE TABLE",State,LA,"LOUISIANA"
02,"STATE TABLE",State,MA,"MASSACHUSETTS"
02,"STATE TABLE",State,MD,"MARYLAND"
02,"STATE TABLE",State,ME,"MAINE"
02,"STATE TABLE",State,MI,"MICHIGAN"
02,"STATE TABLE",State,MN,"MINNESOTA"
02,"STATE TABLE",State,MO,"MISSOURI"
02,"STATE TABLE",State,MS,"MISSISSIPPI"
02,"STATE TABLE",State,MT,"MONTANA"
02,"STATE TABLE",State,NC,"NORTH CAROLINA"
02,"STATE TABLE",State,ND,"NORTH DAKOTA"
02,"STATE TABLE",State,NE,"NEBRASKA"
02,"STATE TABLE",State,NH,"NEW HAMPSHIRE"
02,"STATE TABLE",State,NJ,"NEW JERSEY"
02,"STATE TABLE",State,NM,"NEW MEXICO"
02,"STATE TABLE",State,NV,"NEVADA"
02,"STATE TABLE",State,NY,"NEW YORK"
02,"STATE TABLE",State,OH,"OHIO"
02,"STATE TABLE",State,OK,"OKLAHOMA"
02,"STATE TABLE",State,OR,"OREGON"
02,"STATE TABLE",State,PA,"PENNSYLVANIA"
02,"STATE TABLE",State,PR,"PUERTO RICO"
02,"STATE TABLE",State,RI,"RHODE ISLAND"
02,"STATE TABLE",State,SC,"SOUTH CAROLINA"
02,"STATE TABLE",State,SD,"SOUTH DAKOTA"
02,"STATE TABLE",State,TN,"TENNESSEE"
02,"STATE TABLE",State,TT,"TRUST TERRITORIES"
02,"STATE TABLE",State,TX,"TEXAS"
02,"STATE TABLE",State,US,"UNITED STATES"
02,"STATE TABLE",State,UT,"UTAH"
02,"STATE TABLE",State,VA,"VIRGINIA"
02,"STATE TABLE",State,VI,"VIRGIN ISLANDS"
02,"STATE TABLE",State,VT,"VERMONT"
02,"STATE TABLE",State,WA,"WASHINGTON"
02,"STATE TABLE",State,WI,"WISCONSIN"
02,"STATE TABLE",State,WV,"WEST VIRGINIA"
02,"STATE TABLE",State,WY,"WYOMING"
03,"INDUSTRY CODE TABLE",IndustryCode,00,"GENERAL"
03,"INDUSTRY CODE TABLE",IndustryCode,11,"ELECTRIC"
03,"INDUSTRY CODE TABLE",IndustryCode,12,"TELEPHONE"
03,"INDUSTRY CODE TABLE",IndustryCode,13,"GAS"
03,"INDUSTRY CODE TABLE",IndustryCode,14,"WATER"
03,"INDUSTRY CODE TABLE",IndustryCode,15,"WATER-SEWER"
03,"INDUSTRY CODE TABLE",IndustryCode,16,"SEWER"
03,"INDUSTRY CODE TABLE",IndustryCode,18,"RADIO COMMON CARRIER"
03,"INDUSTRY CODE TABLE",IndustryCode,20,"BANKS AND CREDIT UNIONS"
03,"INDUSTRY CODE TABLE",IndustryCode,22,"FEDERAL BANKS"
03,"INDUSTRY CODE TABLE",IndustryCode,23,"BANK W/LIMITED CERTIFICATE"
03,"INDUSTRY CODE TABLE",IndustryCode,25,"BANK & INSURANCE AGENT"
03,"INDUSTRY CODE TABLE",IndustryCode,26,"MRTG/INSURANCE"
03,"INDUSTRY CODE TABLE",IndustryCode,30,"INSURANCE COMPANIES"
03,"INDUSTRY CODE TABLE",IndustryCode,31,"INSURANCE CONSULTANT"
03,"INDUSTRY CODE TABLE",IndustryCode,35,"INSURANCE AGENCIES"
03,"INDUSTRY CODE TABLE",IndustryCode,36,"MORTGAGE CO"
03,"INDUSTRY CODE TABLE",IndustryCode,40,"OTHER FINANCIAL INSTITUTIONS"
03,"INDUSTRY CODE TABLE",IndustryCode,41,"INSURANCE REGULATED ENTITIES"
03,"INDUSTRY CODE TABLE",IndustryCode,42,"INS COMPANY & INS AGENCY"
03,"INDUSTRY CODE TABLE",IndustryCode,43,"INS COMPANY & INS REG ENTITY"
03,"INDUSTRY CODE TABLE",IndustryCode,50,"OTHER PUBLIC SERVICE"
03,"INDUSTRY CODE TABLE",IndustryCode,51,"RAILWAYS"
03,"INDUSTRY CODE TABLE",IndustryCode,60,"OTHER CHARITABLE INSTITUTIONS"
03,"INDUSTRY CODE TABLE",IndustryCode,61,"FOUNDATIONS"
03,"INDUSTRY CODE TABLE",IndustryCode,62,"VOLUNTEER RESCUE SQUADS/FIRE DEPTS"
03,"INDUSTRY CODE TABLE",IndustryCode,63,"RELIGIOUS CEMETERIES"
03,"INDUSTRY CODE TABLE",IndustryCode,64,"ORPHANAGES"
03,"INDUSTRY CODE TABLE",IndustryCode,65,"CHURCHES AND RELIGIOUS DENOMINATIONS"
03,"INDUSTRY CODE TABLE",IndustryCode,66,"ANIMAL AND CHILDREN'S WELFARE"
03,"INDUSTRY CODE TABLE",IndustryCode,67,"SPECIAL HOSPITALS AND COLLEGES"
03,"INDUSTRY CODE TABLE",IndustryCode,68,"HISTORICAL/LITERARY SOCIETIES"
03,"INDUSTRY CODE TABLE",IndustryCode,69,"ARTS AND SCIENCES"
03,"INDUSTRY CODE TABLE",IndustryCode,70,"OTHER PROFESSIONAL COMPANIES"
03,"INDUSTRY CODE TABLE",IndustryCode,71,"DOCTORS"
03,"INDUSTRY CODE TABLE",IndustryCode,72,"LAWYERS/ATTORNEYS"
03,"INDUSTRY CODE TABLE",IndustryCode,73,"ARCHITECTS"
03,"INDUSTRY CODE TABLE",IndustryCode,74,"AUDIOLOGIST"
03,"INDUSTRY CODE TABLE",IndustryCode,75,"SPEECH PATHOLOGIST"
03,"INDUSTRY CODE TABLE",IndustryCode,76,"CLINICAL NURSE SPECIALIST"
03,"INDUSTRY CODE TABLE",IndustryCode,77,"HOUSING COOPERATIVES"
03,"INDUSTRY CODE TABLE",IndustryCode,80,"AGRICULTURAL COOPERATIVES"
03,"INDUSTRY CODE TABLE",IndustryCode,81,"OTHER COOPERATIVES"
03,"INDUSTRY CODE TABLE",IndustryCode,84,"WATER & SEWER AUTHORITIES"
03,"INDUSTRY CODE TABLE",IndustryCode,85,"COMMUNITY DEVELOPMENT AUTHORITIES"
03,"INDUSTRY CODE TABLE",IndustryCode,86,"WIRELESS SERVICE (BROADBAND) AUTHORITIES"
03,"INDUSTRY CODE TABLE",IndustryCode,87,"ELECTRIC AUTHORITIES"
03,"INDUSTRY CODE TABLE",IndustryCode,89,"OTHER AUTHORITIES"
03,"INDUSTRY CODE TABLE",IndustryCode,95,"BENEFIT CORPORATIONS"
04,"REGISTERED AGENT STATUS",RA-Status,0,"UNKNOWN"
04,"REGISTERED AGENT STATUS",RA-Status,1,"DIRECTOR"
04,"REGISTERED AGENT STATUS",RA-Status,2,"OFFICER"
04,"REGISTERED AGENT STATUS",RA-Status,4,"ATTORNEY"
04,"REGISTERED AGENT STATUS",RA-Status,5,"B.E. AUTH IN VIRGINIA"
04,"REGISTERED AGENT STATUS",RA-Status,6,"RESIGNED"
04,"REGISTERED AGENT STATUS",RA-Status,9,"EXEMPT"
05,"COURT LOCALITY CODE",RA-Locality,001,"FOREIGN"
05,"COURT LOCALITY CODE",RA-Locality,100,"ACCOMACK COUNTY"
05,"COURT LOCALITY CODE",RA-Locality,101,"ALBEMARLE COUNTY"
05,"COURT LOCALITY CODE",RA-Locality,102,"ALLEGHANY COUNTY"
05,"COURT LOCALITY CODE",RA-Locality,103,"AMELIA COUNTY"
05,"COURT LOCALITY CODE",RA-Locality,104,"AMHERST COUNTY"
05,"COURT LOCALITY CODE",RA-Locality,105,"APPOMATTOX COUNTY"
05,"COURT LOCALITY CODE",RA-Locality,106,"ARLINGTON COUNTY"
05,"COURT LOCALITY CODE",RA-Locality,107,"AUGUSTA COUNTY"
05,"COURT LOCALITY CODE",RA-Locality,108,"BATH COUNTY"
05,"COURT LOCALITY CODE",RA-Locality,109,"BEDFORD COUNTY"
05,"COURT LOCALITY CODE",RA-Locality,110,"BLAND COUNTY"
05,"COURT LOCALITY CODE",RA-Locality,111,"BOTETOURT COUNTY"
05,"COURT LOCALITY CODE",RA-Locality,112,"BRUNSWICK COUNTY"
05,"COURT LOCALITY CODE",RA-Locality,113,"BUCHANAN COUNTY"
05,"COURT LOCALITY CODE",RA-Locality,114,"BUCKINGHAM COUNTY"
05,"COURT LOCALITY CODE",RA-Locality,115,"CAMPBELL COUNTY"
05,"COURT LOCALITY CODE",RA-Locality,116,"CAROLINE COUNTY"
05,"COURT LOCALITY CODE",RA-Locality,117,"CARROLL COUNTY"
05,"COURT LOCALITY CODE",RA-Locality,118,"CHARLES CITY COUNTY"
05,"COURT LOCALITY CODE",RA-Locality,119,"CHARLOTTE COUNTY"
05,"COURT LOCALITY CODE",RA-Locality,120,"CHESTERFIELD COUNTY"
05,"COURT LOCALITY CODE",RA-Locality,121,"CLARKE COUNTY"
05,"COURT LOCALITY CODE",RA-Locality,122,"CRAIG COUNTY"
05,"COURT LOCALITY CODE",RA-Locality,123,"CULPEPER COUNTY"
05,"COURT LOCALITY CODE",RA-Locality,124,"CUMBERLAND COUNTY"
05,"COURT LOCALITY CODE",RA-Locality,125,"DICKENSON COUNTY"
05,"COURT LOCALITY CODE",RA-Locality,126,"DINWIDDIE COUNTY"
05,"COURT LOCALITY CODE",RA-Locality,128,"ESSEX COUNTY"
05,"COURT LOCALITY CODE",RA-Locality,129,"FAIRFAX COUNTY"
05,"COURT LOCALITY CODE",RA-Locality,130,"FAUQUIER COUNTY"
05,"COURT LOCALITY CODE",RA-Locality,131,"FLOYD COUNTY"
05,"COURT LOCALITY CODE",RA-Locality,132,"FLUVANNA COUNTY"
05,"COURT LOCALITY CODE",RA-Locality,133,"FRANKLIN COUNTY"
05,"COURT LOCALITY CODE",RA-Locality,134,"FREDERICK COUNTY"
05,"COURT LOCALITY CODE",RA-Locality,135,"GILES COUNTY"
05,"COURT LOCALITY CODE",RA-Locality,136,"GLOUCESTER COUNTY"
05,"COURT LOCALITY CODE",RA-Locality,137,"GOOCHLAND COUNTY"
05,"COURT LOCALITY CODE",RA-Locality,138,"GRAYSON COUNTY"
05,"COURT LOCALITY CODE",RA-Locality,139,"GREENE COUNTY"
05,"COURT LOCALITY CODE",RA-Locality,140,"GREENSVILLE COUNTY"
05,"COURT LOCALITY CODE",RA-Locality,141,"HALIFAX COUNTY"
05,"COURT LOCALITY CODE",RA-Locality,142,"HANOVER COUNTY"
05,"COURT LOCALITY CODE",RA-Locality,143,"HENRICO COUNTY"
05,"COURT LOCALITY CODE",RA-Locality,144,"HENRY COUNTY"
05,"COURT LOCALITY CODE",RA-Locality,145,"HIGHLAND COUNTY"
05,"COURT LOCALITY CODE",RA-Locality,146,"ISLE OF WIGHT COUNTY"
05,"COURT LOCALITY CODE",RA-Locality,147,"JAMES CITY COUNTY"
05,"COURT LOCALITY CODE",RA-Locality,148,"KING GEORGE COUNTY"
05,"COURT LOCALITY CODE",RA-Locality,149,"KING & QUEEN COUNTY"
05,"COURT LOCALITY CODE",RA-Locality,150,"KING WILLIAM COUNTY"
05,"COURT LOCALITY CODE",RA-Locality,151,"LANCASTER COUNTY"
05,"COURT LOCALITY CODE",RA-Locality,152,"LEE COUNTY"
05,"COURT LOCALITY CODE",RA-Locality,153,"LOUDOUN COUNTY"
05,"COURT LOCALITY CODE",RA-Locality,154,"LOUISA COUNTY"
05,"COURT LOCALITY CODE",RA-Locality,155,"LUNENBURG COUNTY"
05,"COURT LOCALITY CODE",RA-Locality,156,"MADISON COUNTY"
05,"COURT LOCALITY CODE",RA-Locality,157,"MATHEWS COUNTY"
05,"COURT LOCALITY CODE",RA-Locality,158,"MECKLENBURG COUNTY"
05,"COURT LOCALITY CODE",RA-Locality,159,"MIDDLESEX COUNTY"
05,"COURT LOCALITY CODE",RA-Locality,160,"MONTGOMERY COUNTY"
05,"COURT LOCALITY CODE",RA-Locality,162,"NELSON COUNTY"
05,"COURT LOCALITY CODE",RA-Locality,163,"NEW KENT COUNTY"
05,"COURT LOCALITY CODE",RA-Locality,165,"NORTHAMPTON COUNTY"
05,"COURT LOCALITY CODE",RA-Locality,166,"NORTHUMBERLAND COUNTY"
05,"COURT LOCALITY CODE",RA-Locality,167,"NOTTOWAY COUNTY"
05,"COURT LOCALITY CODE",RA-Locality,168,"ORANGE COUNTY"
05,"COURT LOCALITY CODE",RA-Locality,169,"PAGE COUNTY"
05,"COURT LOCALITY CODE",RA-Locality,170,"PATRICK COUNTY"
05,"COURT LOCALITY CODE",RA-Locality,171,"PITTSYLVANIA COUNTY"
05,"COURT LOCALITY CODE",RA-Locality,172,"POWHATAN COUNTY"
05,"COURT LOCALITY CODE",RA-Locality,173,"PRINCE EDWARD COUNTY"
05,"COURT LOCALITY CODE",RA-Locality,174,"PRINCE GEORGE COUNTY"
05,"COURT LOCALITY CODE",RA-Locality,176,"PRINCE WILLIAM COUNTY"
05,"COURT LOCALITY CODE",RA-Locality,177,"PULASKI COUNTY"
05,"COURT LOCALITY CODE",RA-Locality,178,"RAPPAHANNOCK COUNTY"
05,"COURT LOCALITY CODE",RA-Locality,179,"RICHMOND COUNTY"
05,"COURT LOCALITY CODE",RA-Locality,180,"ROANOKE COUNTY"
05,"COURT LOCALITY CODE",RA-Locality,181,"ROCKBRIDGE COUNTY"
05,"COURT LOCALITY CODE",RA-Locality,182,"ROCKINGHAM COUNTY"
05,"COURT LOCALITY CODE",RA-Locality,183,"RUSSELL COUNTY"
05,"COURT LOCALITY CODE",RA-Locality,184,"SCOTT COUNTY"
05,"COURT LOCALITY CODE",RA-Locality,185,"SHENANDOAH COUNTY"
05,"COURT LOCALITY CODE",RA-Locality,186,"SMYTH COUNTY"
05,"COURT LOCALITY CODE",RA-Locality,187,"SOUTHAMPTON COUNTY"
05,"COURT LOCALITY CODE",RA-Locality,188,"SPOTSYLVANIA COUNTY"
05,"COURT LOCALITY CODE",RA-Locality,189,"STAFFORD COUNTY"
05,"COURT LOCALITY CODE",RA-Locality,190,"SURRY COUNTY"
05,"COURT LOCALITY CODE",RA-Locality,191,"SUSSEX COUNTY"
05,"COURT LOCALITY CODE",RA-Locality,192,"TAZEWELL COUNTY"
05,"COURT LOCALITY CODE",RA-Locality,193,"WARREN COUNTY"
05,"COURT LOCALITY CODE",RA-Locality,195,"WASHINGTON COUNTY"
05,"COURT LOCALITY CODE",RA-Locality,196,"WESTMORELAND COUNTY"
05,"COURT LOCALITY CODE",RA-Locality,197,"WISE COUNTY"
05,"COURT LOCALITY CODE",RA-Locality,198,"WYTHE COUNTY"
05,"COURT LOCALITY CODE",RA-Locality,199,"YORK COUNTY"
05,"COURT LOCALITY CODE",RA-Locality,200,"ALEXANDRIA CITY"
05,"COURT LOCALITY CODE",RA-Locality,201,"BRISTOL CITY"
05,"COURT LOCALITY CODE",RA-Locality,202,"BUENA VISTA CITY"
05,"COURT LOCALITY CODE",RA-Locality,203,"CHARLOTTESVILLE CITY"
05,"COURT LOCALITY CODE",RA-Locality,205,"DANVILLE CITY"
05,"COURT LOCALITY CODE",RA-Locality,206,"FREDERICKSBURG CITY"
05,"COURT LOCALITY CODE",RA-Locality,207,"HAMPTON CITY"
05,"COURT LOCALITY CODE",RA-Locality,209,"HOPEWELL CITY"
05,"COURT LOCALITY CODE",RA-Locality,210,"LYNCHBURG CITY"
05,"COURT LOCALITY CODE",RA-Locality,211,"NEWPORT NEWS CITY"
05,"COURT LOCALITY CODE",RA-Locality,212,"NORFOLK CITY"
05,"COURT LOCALITY CODE",RA-Locality,213,"PETERSBURG CITY"
05,"COURT LOCALITY CODE",RA-Locality,214,"PORTSMOUTH CITY"
05,"COURT LOCALITY CODE",RA-Locality,215,"RADFORD CITY"
05,"COURT LOCALITY CODE",RA-Locality,216,"RICHMOND CITY"
05,"COURT LOCALITY CODE",RA-Locality,217,"ROANOKE CITY"
05,"COURT LOCALITY CODE",RA-Locality,219,"STAUNTON CITY"
05,"COURT LOCALITY CODE",RA-Locality,220,"SUFFOLK CITY"
05,"COURT LOCALITY CODE",RA-Locality,222,"WINCHESTER CITY"
05,"COURT LOCALITY CODE",RA-Locality,223,"MARTINSVILLE CITY"
05,"COURT LOCALITY CODE",RA-Locality,225,"WAYNESBORO CITY"
05,"COURT LOCALITY CODE",RA-Locality,227,"COLONIAL HEIGHTS CITY"
05,"COURT LOCALITY CODE",RA-Locality,228,"VIRGINIA BEACH CITY"
05,"COURT LOCALITY CODE",RA-Locality,236,"CHESAPEAKE CITY"
05,"COURT LOCALITY CODE",RA-Locality,239,"SALEM CITY"
05,"COURT LOCALITY CODE",RA-Locality,301,"COVINGTON CITY (FILED IN ALLEGHANY COUNTY)"
05,"COURT LOCALITY CODE",RA-Locality,302,"EMPORIA CITY (FILED IN GREENSVILLE COUNTY)"
05,"COURT LOCALITY CODE",RA-Locality,303,"FAIRFAX CITY (FILED IN FAIRFAX COUNTY)"
05,"COURT LOCALITY CODE",RA-Locality,304,"FALLS CHURCH CITY (FILED IN ARLINGTON CO)"
05,"COURT LOCALITY CODE",RA-Locality,305,"FRANKLIN CITY (FILED IN SOUTHAMPTON COUNTY)"
05,"COURT LOCALITY CODE",RA-Locality,306,"GALAX CITY"
05,"COURT LOCALITY CODE",RA-Locality,308,"MANASSAS CITY (FILED-PRINCE WILLIAM COUNTY)"
05,"COURT LOCALITY CODE",RA-Locality,309,"HARRISONBURG CITY (FILED-ROCKINGHAM COUNTY)"
05,"COURT LOCALITY CODE",RA-Locality,310,"LEXINGTON CITY (FILED IN ROCKBRIDGE COUNTY)"
05,"COURT LOCALITY CODE",RA-Locality,311,"POQUOSON CITY (FILED IN YORK COUNTY)"
05,"COURT LOCALITY CODE",RA-Locality,312,"NORTON CITY (FILED IN WISE COUNTY)"
05,"COURT LOCALITY CODE",RA-Locality,315,"MANASSAS PARK  (FILED PRINCE WILLIAM CO)"
05,"COURT LOCALITY CODE",RA-Locality,316,"WILLIAMSBURG CITY (FILED IN JAMES CITY COUNTY)"
05,"COURT LOCALITY CODE",RA-Locality,901,"EXEMPT"
07,"ASSESSMENT INDICATOR",AssessInd,0,"NORMAL ASSESSMENT"
07,"ASSESSMENT INDICATOR",AssessInd,1,"NON-ASSESSED-MUST FILE ANNUAL REPORT AND RA"
07,"ASSESSMENT INDICATOR",AssessInd,2,"NON-ASSESSED-NOT REQ TO FILE RA OR ANNUAL REPORT"
07,"ASSESSMENT INDICATOR",AssessInd,3,"NORMAL ASSESSMENT-RA, ANNUAL REPORT NOT REQUIRED"
07,"ASSESSMENT INDICATOR",AssessInd,4,"COOPERATIVES-(STORING AND MARKETING)"
12,"STOCK CLASS",Stock1 - Stock8,CAP,"CAPITAL STOCK"
12,"STOCK CLASS",Stock1 - Stock8,COMA,"COMMON A"
12,"STOCK CLASS",Stock1 - Stock8,COMANV,"COMMON A  NON-VOTING"
12,"STOCK CLASS",Stock1 - Stock8,COMAV,"COMMON A - VOTING"
12,"STOCK CLASS",Stock1 - Stock8,COMB,"COMMON B"
12,"STOCK CLASS",Stock1 - Stock8,COMBB,"COMMON BB"
12,"STOCK CLASS",Stock1 - Stock8,COMBNV,"COMMON B - NON VOTING"
12,"STOCK CLASS",Stock1 - Stock8,COMBR,"COMMON BR"
12,"STOCK CLASS",Stock1 - Stock8,COMBV,"COMMON B VOTING"
12,"STOCK CLASS",Stock1 - Stock8,COMBX,"COMMON BX"
12,"STOCK CLASS",Stock1 - Stock8,COMC,"COMMON C"
12,"STOCK CLASS",Stock1 - Stock8,COMCNV,"COMMON C NONVOTING"
12,"STOCK CLASS",Stock1 - Stock8,COMCV,"COMMON C VOTING"
12,"STOCK CLASS",Stock1 - Stock8,COMD,"COMMON D"
12,"STOCK CLASS",Stock1 - Stock8,COMDNV,"COMMON D NONVOTING"
12,"STOCK CLASS",Stock1 - Stock8,COME,"COMMON E"
12,"STOCK CLASS",Stock1 - Stock8,COMF,"COMMON F"
12,"STOCK CLASS",Stock1 - Stock8,COMH,"COMMON H"
12,"STOCK CLASS",Stock1 - Stock8,COMM,"COMMON M"
12,"STOCK CLASS",Stock1 - Stock8,COMMON,"COMMON"
12,"STOCK CLASS",Stock1 - Stock8,COMNV,"COMMON NON-VOTING"
12,"STOCK CLASS",Stock1 - Stock8,COMPV,"COMMON P VOTING"
12,"STOCK CLASS",Stock1 - Stock8,COMT,"COMMONT"
12,"STOCK CLASS",Stock1 - Stock8,COMV,"COMMON-VOTING"
12,"STOCK CLASS",Stock1 - Stock8,CONVP,"CONVERTIBLE_PREFERRED"
12,"STOCK CLASS",Stock1 - Stock8,CONVPA,"CONVERTIBLE PREFERRED A"
12,"STOCK CLASS",Stock1 - Stock8,CONVPB,"CONVERTIBLE PREFERRED B"
12,"STOCK CLASS",Stock1 - Stock8,CONVPC,"CONVERTIBLE PREFERRED C"
12,"STOCK CLASS",Stock1 - Stock8,CONVPD,"CONVERTIBLE PREFERRED SERIES D"
12,"STOCK CLASS",Stock1 - Stock8,CUMP,"CUMLATIVE PREFERRED"
12,"STOCK CLASS",Stock1 - Stock8,CUMPA,"CUMULATIVE PREFERRED A"
12,"STOCK CLASS",Stock1 - Stock8,CUMPB,"CUMULATIVE PREFERRED B"
12,"STOCK CLASS",Stock1 - Stock8,CUMPNV,"CUMULATIVE PREFERRED NONVOTING"
12,"STOCK CLASS",Stock1 - Stock8,CUMPV,"CUMULATIVE PREFERRED VOTING"
12,"STOCK CLASS",Stock1 - Stock8,FCOM,"FOUNDERS COMMON"
12,"STOCK CLASS",Stock1 - Stock8,FNDRS,"FOUNDERS"
12,"STOCK CLASS",Stock1 - Stock8,MGR,"MANAGERS"
12,"STOCK CLASS",Stock1 - Stock8,NCONVP,"NON-CONVERTIBLE"
12,"STOCK CLASS",Stock1 - Stock8,NCPREF,"NON CUMULATIVE PREFERRED"
12,"STOCK CLASS",Stock1 - Stock8,NONVOT,"NON-VOTING"
12,"STOCK CLASS",Stock1 - Stock8,NRCOM,"NON-REDEEMABLE COMMON"
12,"STOCK CLASS",Stock1 - Stock8,ORD,"ORDINARY"
12,"STOCK CLASS",Stock1 - Stock8,OTH,"OTHER"
12,"STOCK CLASS",Stock1 - Stock8,PREF,"PREFERENCE"
12,"STOCK CLASS",Stock1 - Stock8,PREFA,"PREFERRED A"
12,"STOCK CLASS",Stock1 - Stock8,PREFANV,"PREFERRED A NONVOTING"
12,"STOCK CLASS",Stock1 - Stock8,PREFB,"PREFERRED B"
12,"STOCK CLASS",Stock1 - Stock8,PREFBNV,"PREFERRED CLASS B NONVOTING"
12,"STOCK CLASS",Stock1 - Stock8,PREFC,"PREFERRED C"
12,"STOCK CLASS",Stock1 - Stock8,PREFCC,"CUMULATIVE CONVERTIBLE PREFERRED"
12,"STOCK CLASS",Stock1 - Stock8,PREFCNV,"PREFERRED CLASS C NONVOTING"
12,"STOCK CLASS",Stock1 - Stock8,PREFD,"PREFERRED D"
12,"STOCK CLASS",Stock1 - Stock8,PREFE,"PREFERRED E"
12,"STOCK CLASS",Stock1 - Stock8,PREFER,"PREFERRED"
12,"STOCK CLASS",Stock1 - Stock8,PREFERNP,"PREFERRED_NO_PAR"
12,"STOCK CLASS",Stock1 - Stock8,PREFERPV,"PREFERRED_PAR VALUE"
12,"STOCK CLASS",Stock1 - Stock8,PREFJR,"JR PREFERRED"
12,"STOCK CLASS",Stock1 - Stock8,PREFNV,"PREFERRED NON VOTING"
12,"STOCK CLASS",Stock1 - Stock8,PREFV,"PREFERRED VOTING"
12,"STOCK CLASS",Stock1 - Stock8,PREF1,"PREFERRED 1"
12,"STOCK CLASS",Stock1 - Stock8,PREF2,"PREFERRED 2"
12,"STOCK CLASS",Stock1 - Stock8,PREF3,"PREFERRED 3"
12,"STOCK CLASS",Stock1 - Stock8,PREF4,"PREFERRED 4"
12,"STOCK CLASS",Stock1 - Stock8,PREF5,"PREFERRED 5"
12,"STOCK CLASS",Stock1 - Stock8,PRIPRE,"PRIOR PREFERRED"
12,"STOCK CLASS",Stock1 - Stock8,RCOM,"REDEEMABLE COMMON"
12,"STOCK CLASS",Stock1 - Stock8,RJRPRE,"R JUNIOR_PREFERRED"
12,"STOCK CLASS",Stock1 - Stock8,SEP,"SERIAL PREFERRED"
12,"STOCK CLASS",Stock1 - Stock8,SEPREF,"SERIAL PREFERRANCE"
12,"STOCK CLASS",Stock1 - Stock8,SP,"SPECIAL"
12,"STOCK CLASS",Stock1 - Stock8,SRPREF,"SENIOR PREFERRED"
12,"STOCK CLASS",Stock1 - Stock8,UNLTD,"UNLIMITED"
12,"STOCK CLASS",Stock1 - Stock8,VOT,"VOTING"
12,"STOCK CLASS",Stock1 - Stock8,WDAD,"WTHDRWL ADD CHG"
12,"STOCK CLASS",Stock1 - Stock8,71,"PREF4"
19,"AMENDMENT TYPES",AmenType1 - AmenType8,A,"RESTATEMENT OF ARTICLES"
19,"AMENDMENT TYPES",AmenType1 - AmenType8,C,"STOCK"
19,"AMENDMENT TYPES",AmenType1 - AmenType8,D,"CHANGE PRINCIPAL OFFICE"
19,"AMENDMENT TYPES",AmenType1 - AmenType8,E,"EXCHANGE"
19,"AMENDMENT TYPES",AmenType1 - AmenType8,F,"DATE OF FORMATION"
19,"AMENDMENT TYPES",AmenType1 - AmenType8,J,"STATE WHERE FORMED"
19,"AMENDMENT TYPES",AmenType1 - AmenType8,L,"CHANGE PRINCIPAL OFFICE"
19,"AMENDMENT TYPES",AmenType1 - AmenType8,N,"NAME CHANGE"
19,"AMENDMENT TYPES",AmenType1 - AmenType8,O,"OTHER"
19,"AMENDMENT TYPES",AmenType1 - AmenType8,P,"PURPOSE"
19,"AMENDMENT TYPES",AmenType1 - AmenType8,R,"RESTATEMENT OF ARTICLES"
19,"AMENDMENT TYPES",AmenType1 - AmenType8,T,"SERIAL DESIGNATION"
23,"L/P AMENDMENT & L/P CERT. OF CORRECTION TYPES",AmenType1 - AmenType8 (LP.csv),A,"ADMISSION OF PARTNER"
23,"L/P AMENDMENT & L/P CERT. OF CORRECTION TYPES",AmenType1 - AmenType8 (LP.csv),D,"CHANGE PRINCIPAL OFFICE ADDRESS"
23,"L/P AMENDMENT & L/P CERT. OF CORRECTION TYPES",AmenType1 - AmenType8 (LP.csv),F,"DATE OF FORMATION"
23,"L/P AMENDMENT & L/P CERT. OF CORRECTION TYPES",AmenType1 - AmenType8 (LP.csv),J,"STATE, JURISDICTION WHERE ACTUALLY FORMED"
23,"L/P AMENDMENT & L/P CERT. OF CORRECTION TYPES",AmenType1 - AmenType8 (LP.csv),M,"MODIFY PARTNER ADDRESS"
23,"L/P AMENDMENT & L/P CERT. OF CORRECTION TYPES",AmenType1 - AmenType8 (LP.csv),N,"NAME CHANGE"
23,"L/P AMENDMENT & L/P CERT. OF CORRECTION TYPES",AmenType1 - AmenType8 (LP.csv),O,"OTHER"
23,"L/P AMENDMENT & L/P CERT. OF CORRECTION TYPES",AmenType1 - AmenType8 (LP.csv),R,"RESTATED CERTIFICATE"
23,"L/P AMENDMENT & L/P CERT. OF CORRECTION TYPES",AmenType1 - AmenType8 (LP.csv),W,"WITHDRAWAL OF PARTNER"
28,"L/P REGISTERED AGENT STATUS",RA-Status (LP.csv)),0,"UNKNOWN"
28,"L/P REGISTERED AGENT STATUS",RA-Status (LP.csv)),1,"GENERAL PARTNER, RESIDENT OF VIRGINIA"
28,"L/P REGISTERED AGENT STATUS",RA-Status (LP.csv)),2,"OFFICER/DIRECTOR OF A CORPORATE GENERAL PARTNER"
28,"L/P REGISTERED AGENT STATUS",RA-Status (LP.csv)),3,"GENERAL PARTNER OF A GENERAL PARTNER"
28,"L/P REGISTERED AGENT STATUS",RA-Status (LP.csv)),4,"MEMBER OF VIRGINIA STATE BAR, RESIDENT OF VIRGINIA"
28,"L/P REGISTERED AGENT STATUS",RA-Status (LP.csv)),5,"CORP/LLC/RLLP REGISTERED IN VIRGINIA"
28,"L/P REGISTERED AGENT STATUS",RA-Status (LP.csv)),6,"RESIGNED"
28,"L/P REGISTERED AGENT STATUS",RA-Status (LP.csv)),7,"MEMBER/MANAGER OF LLC GENERAL PARTNER"
28,"L/P REGISTERED AGENT STATUS",RA-Status (LP.csv)),8,"TRUSTEE OF A TRUST"
40,"LLC REGISTERED AGENT STATUS",RA-Status (LLC.csv)),0,"UNKNOWN"
40,"LLC REGISTERED AGENT STATUS",RA-Status (LLC.csv)),1,"MEMBER/MANAGER"
40,"LLC REGISTERED AGENT STATUS",RA-Status (LLC.csv)),2,"O/D OF CORP M/M"
40,"LLC REGISTERED AGENT STATUS",RA-Status (LLC.csv)),3,"GP OF LP/GP M/M"
40,"LLC REGISTERED AGENT STATUS",RA-Status (LLC.csv)),4,"MEMBER OF VSB"
40,"LLC REGISTERED AGENT STATUS",RA-Status (LLC.csv)),5,"ENTITY AUTHORIZED IN VIRGINIA"
40,"LLC REGISTERED AGENT STATUS",RA-Status (LLC.csv)),6,"RESIGNED"
40,"LLC REGISTERED AGENT STATUS",RA-Status (LLC.csv)),7,"MEMB/MGR OF M/MGR OF THE LLC"
40,"LLC REGISTERED AGENT STATUS",RA-Status (LLC.csv)),8,"TRUSTEE OF A TRUST"
40,"LLC REGISTERED AGENT STATUS",RA-Status (LLC.csv)),9,"EMP/OFFICER"
